{
  "schema": "umbradb-perf-baseline/v1",
  "harnessVersion": "1.0.0-perf-baseline.1",
  "generatedAt": "2026-07-24T07:24:49.063Z",
  "environment": {
    "postgresImage": "postgres@sha256:742f40ea20b9ff2ff31db5458d127452988a2164df9e17441e191f3b72252193",
    "postgresImageId": "sha256:742f40ea20b9ff2ff31db5458d127452988a2164df9e17441e191f3b72252193",
    "postgresServerVersion": "PostgreSQL 17.10 on x86_64-pc-linux-musl, compiled by gcc (Alpine 15.2.0) 15.2.0, 64-bit",
    "settings": {
      "shared_buffers": "256MB",
      "work_mem": "16MB",
      "max_wal_size": "2GB"
    },
    "node": "v24.18.0",
    "microbenchLib": "tinybench@2.9.0",
    "harnessVersion": "1.0.0-perf-baseline.1",
    "profile": "full",
    "declaredCaps": {
      "checkpointSaveSizesMB": [
        1,
        16,
        64,
        256
      ],
      "checkpointSaveDeclaredCeilingMB": 256,
      "gcEnvelopeTargetChunks": [
        100000,
        1000000
      ],
      "gcActualMaxChunks": 1000000,
      "note": "checkpointSaveSizesMB now measures the full 1/16/64/256 MB set (256 MiB = 64 chunks at the 4 MiB default). The 10^6-chunk GC upper target remains the runtime-capped ceiling per design.md §4/§5; see Performance/CEILINGS.md."
    }
  },
  "workloads": {
    "checkpointStore.save.1MB": {
      "unit": "ms",
      "samples": 10,
      "min": 20.804017999999814,
      "max": 40.73478800000021,
      "mean": 24.913589,
      "sd": 5.844354340530211,
      "cv": 0.23458500260762152,
      "p50": 22.63583800000015,
      "p95": 40.73478800000021,
      "p99": 40.73478800000021
    },
    "checkpointStore.save.16MB": {
      "unit": "ms",
      "samples": 6,
      "min": 220.97474799999964,
      "max": 265.65439100000003,
      "mean": 243.08372133333333,
      "sd": 17.74230901027367,
      "cv": 0.07298847044530875,
      "p50": 242.8757439999995,
      "p95": 265.65439100000003,
      "p99": 265.65439100000003
    },
    "checkpointStore.save.64MB": {
      "unit": "ms",
      "samples": 3,
      "min": 1090.4328760000008,
      "max": 1137.9821680000005,
      "mean": 1111.5548740000004,
      "sd": 24.214529040661194,
      "cv": 0.02178437574883162,
      "p50": 1106.249578,
      "p95": 1137.9821680000005,
      "p99": 1137.9821680000005
    },
    "checkpointStore.save.256MB": {
      "unit": "ms",
      "samples": 3,
      "min": 4249.168855,
      "max": 4366.702971000002,
      "mean": 4308.884724000001,
      "sd": 58.79003174787948,
      "cv": 0.013643909158308563,
      "p50": 4310.782346000002,
      "p95": 4366.702971000002,
      "p99": 4366.702971000002
    },
    "checkpointStore.load.16MB": {
      "unit": "ms",
      "samples": 8,
      "min": 66.13017599999876,
      "max": 90.44424900000013,
      "mean": 73.40476325000009,
      "sd": 8.643612477950278,
      "cv": 0.11775274648747358,
      "p50": 71.20271800000046,
      "p95": 90.44424900000013,
      "p99": 90.44424900000013
    },
    "checkpointStore.history.limit50": {
      "unit": "ms",
      "samples": 20,
      "min": 1.4548829999985173,
      "max": 2.430486999997811,
      "mean": 1.8903691999996226,
      "sd": 0.259324141335769,
      "cv": 0.13718174277057665,
      "p50": 1.8953479999981937,
      "p95": 2.2977260000006936,
      "p99": 2.430486999997811
    },
    "checkpointStore.prune": {
      "unit": "ms",
      "samples": 5,
      "min": 3.146458999999595,
      "max": 4.216990000000806,
      "mean": 3.770234199999686,
      "sd": 0.39477999684240833,
      "cv": 0.10470967475772226,
      "p50": 3.837244999998802,
      "p95": 4.216990000000806,
      "p99": 4.216990000000806
    },
    "temporalKV.put.fresh": {
      "unit": "ms",
      "samples": 132,
      "min": 1.7163150000014866,
      "max": 4.323589999999967,
      "mean": 2.2805118863635663,
      "sd": 0.46885862805417633,
      "cv": 0.2055935910081152,
      "p50": 2.104604999996809,
      "p95": 3.0541030000022147,
      "p99": 3.3245349999997416
    },
    "temporalKV.put.existing": {
      "unit": "ms",
      "samples": 207,
      "min": 1.7932699999983015,
      "max": 5.075761000000057,
      "mean": 2.420745111111101,
      "sd": 0.5671811216973219,
      "cv": 0.2343002239657486,
      "p50": 2.181617999998707,
      "p95": 3.4579110000013316,
      "p99": 4.1155629999993835
    },
    "temporalKV.get": {
      "unit": "ms",
      "samples": 941,
      "min": 0.1807120000012219,
      "max": 1.4022469999981695,
      "mean": 0.3189378969181912,
      "sd": 0.08221755412300306,
      "cv": 0.25778546518757595,
      "p50": 0.31093200000032084,
      "p95": 0.43422999999893364,
      "p99": 0.60671199999706
    },
    "temporalKV.getAt.version": {
      "unit": "ms",
      "samples": 717,
      "min": 0.25930000000153086,
      "max": 0.8492019999976037,
      "mean": 0.4188150195258455,
      "sd": 0.07262052257694658,
      "cv": 0.17339522030313695,
      "p50": 0.41042899999956717,
      "p95": 0.5398139999997511,
      "p99": 0.6686870000012277
    },
    "temporalKV.getAt.at": {
      "unit": "ms",
      "samples": 798,
      "min": 0.19800299999769777,
      "max": 1.3506480000032752,
      "mean": 0.37603538972430023,
      "sd": 0.0847302955778367,
      "cv": 0.22532532281059728,
      "p50": 0.36419000000023516,
      "p95": 0.5133339999993041,
      "p99": 0.6824080000005779
    },
    "watermarks.set.highFrequency": {
      "unit": "ms",
      "samples": 204,
      "min": 1.6748770000012883,
      "max": 7.398218000002089,
      "mean": 2.4673907549019227,
      "sd": 0.7527282711634012,
      "cv": 0.3050705566874517,
      "p50": 2.1787619999995513,
      "p95": 3.639912999999069,
      "p99": 4.589248000000225
    },
    "transactionHistory.pendingToFinalized": {
      "unit": "ms",
      "samples": 66,
      "min": 6.0167789999977686,
      "max": 19.10213300000032,
      "mean": 7.669670030303016,
      "sd": 1.6694201639574398,
      "cv": 0.21766518733681214,
      "p50": 7.4549950000000536,
      "p95": 9.20448100000067,
      "p99": 19.10213300000032
    },
    "lease.acquireRelease.contenders1": {
      "unit": "ms",
      "samples": 30,
      "min": 0.3890949999986333,
      "max": 0.6937140000009094,
      "mean": 0.5292518000009295,
      "sd": 0.07230399514826734,
      "cv": 0.13661549218753785,
      "p50": 0.5235050000046613,
      "p95": 0.6445949999979348,
      "p99": 0.6937140000009094
    },
    "lease.acquireRelease.contenders2": {
      "unit": "ms",
      "samples": 60,
      "min": 0.4843040000050678,
      "max": 2.1255799999999,
      "mean": 0.9219145500006561,
      "sd": 0.36941361462054306,
      "cv": 0.4007026623240518,
      "p50": 0.8521770000006654,
      "p95": 1.5557629999966593,
      "p99": 2.1255799999999
    },
    "lease.acquireRelease.contenders4": {
      "unit": "ms",
      "samples": 120,
      "min": 0.528082999997423,
      "max": 2.6669519999995828,
      "mean": 1.2207146583331754,
      "sd": 0.45123978791875363,
      "cv": 0.369652141750226,
      "p50": 1.1843149999986053,
      "p95": 1.9747319999951287,
      "p99": 2.465851000000839
    },
    "lease.acquireRelease.contenders8": {
      "unit": "ms",
      "samples": 240,
      "min": 0.5898039999956382,
      "max": 3.5832550000050105,
      "mean": 1.8434331041668883,
      "sd": 0.7682363624852065,
      "cv": 0.41674219734292955,
      "p50": 1.832183000005898,
      "p95": 3.037339999995311,
      "p99": 3.2994659999967553
    },
    "lease.acquireRelease.contenders16": {
      "unit": "ms",
      "samples": 480,
      "min": 0.6472880000001169,
      "max": 9.94981099999859,
      "mean": 3.585300581250067,
      "sd": 1.7376704852772933,
      "cv": 0.4846652172943975,
      "p50": 3.502412000001641,
      "p95": 6.4185880000004545,
      "p99": 7.484597000002395
    }
  },
  "measurements": {
    "checkpointDedupRatio": {
      "referenced": 64,
      "written": 1,
      "ratio": 0.984375,