{
  "schema": "umbradb-perf-baseline/v1",
  "harnessVersion": "1.0.0-perf-baseline.1",
  "generatedAt": "2026-07-24T06:35:03.130Z",
  "environment": {
    "postgresImage": "postgres:17-alpine",
    "postgresImageId": "sha256:742f40ea20b9ff2ff31db5458d127452988a2164df9e17441e191f3b72252193",
    "postgresServerVersion": "PostgreSQL 17.10 on x86_64-pc-linux-musl, compiled by gcc (Alpine 15.2.0) 15.2.0, 64-bit",
    "settings": {
      "shared_buffers": "256MB",
      "work_mem": "16MB",
      "max_wal_size": "2GB"
    },
    "node": "v24.18.0",
    "microbenchLib": "tinybench@2.9.0",
    "harnessVersion": "1.0.0-perf-baseline.1",
    "profile": "full",
    "declaredCaps": {
      "checkpointSaveSizesMB": [
        1,
        16,
        64,
        256
      ],
      "checkpointSaveDeclaredCeilingMB": 256,
      "gcEnvelopeTargetChunks": [
        100000,
        1000000
      ],
      "gcActualMaxChunks": 1000000,
      "note": "checkpointSaveSizesMB now measures the full 1/16/64/256 MB set (256 MiB = 64 chunks at the 4 MiB default). The 10^6-chunk GC upper target remains the runtime-capped ceiling per design.md §4/§5; see Performance/CEILINGS.md."
    }
  },
  "workloads": {
    "checkpointStore.save.1MB": {
      "unit": "ms",
      "samples": 10,
      "min": 19.01550300000008,
      "max": 40.0697610000002,
      "mean": 23.15721300000009,
      "sd": 6.088972132509619,
      "cv": 0.26294062815372454,
      "p50": 21.1279940000004,
      "p95": 40.0697610000002,
      "p99": 40.0697610000002
    },
    "checkpointStore.save.16MB": {
      "unit": "ms",
      "samples": 6,
      "min": 241.7077159999999,
      "max": 268.20294599999943,
      "mean": 254.46169816666648,
      "sd": 11.847432138870383,
      "cv": 0.046558803247122055,
      "p50": 249.15332599999965,
      "p95": 268.20294599999943,
      "p99": 268.20294599999943
    },
    "checkpointStore.save.64MB": {
      "unit": "ms",
      "samples": 3,
      "min": 1095.359002000001,
      "max": 1138.9498109999986,
      "mean": 1116.3382373333332,
      "sd": 21.84120082881019,
      "cv": 0.01956503871172919,
      "p50": 1114.7058989999996,
      "p95": 1138.9498109999986,
      "p99": 1138.9498109999986
    },
    "checkpointStore.save.256MB": {
      "unit": "ms",
      "samples": 3,
      "min": 4182.732433999998,
      "max": 4303.804816999998,
      "mean": 4250.967613666666,
      "sd": 61.98752888844803,
      "cv": 0.014581980979850558,
      "p50": 4266.365590000001,
      "p95": 4303.804816999998,
      "p99": 4303.804816999998
    },
    "checkpointStore.load.16MB": {
      "unit": "ms",
      "samples": 8,
      "min": 77.39246600000115,
      "max": 83.45742900000187,
      "mean": 80.35975687500058,
      "sd": 2.0485658417362447,
      "cv": 0.025492434539377516,
      "p50": 80.12537399999928,
      "p95": 83.45742900000187,
      "p99": 83.45742900000187
    },
    "checkpointStore.history.limit50": {
      "unit": "ms",
      "samples": 20,
      "min": 1.4330379999992147,
      "max": 2.4838500000005297,
      "mean": 1.787019099999452,
      "sd": 0.30054260331510135,
      "cv": 0.16818096869540652,
      "p50": 1.6867879999990691,
      "p95": 2.4833100000032573,
      "p99": 2.4838500000005297
    },
    "checkpointStore.prune": {
      "unit": "ms",
      "samples": 5,
      "min": 3.0919749999993655,
      "max": 4.032133000000613,
      "mean": 3.5316852000003562,
      "sd": 0.3885206315893791,
      "cv": 0.11000998378602371,
      "p50": 3.421375000001717,
      "p95": 4.032133000000613,
      "p99": 4.032133000000613
    },
    "temporalKV.put.fresh": {
      "unit": "ms",
      "samples": 133,
      "min": 1.686201999997138,
      "max": 3.728316000000632,
      "mean": 2.265885601503686,
      "sd": 0.5014956053001399,
      "cv": 0.2213243267741927,
      "p50": 2.0144670000008773,
      "p95": 3.208537000002252,
      "p99": 3.699477999998635
    },
    "temporalKV.put.existing": {
      "unit": "ms",
      "samples": 210,
      "min": 1.7115320000011707,
      "max": 6.780351000001247,
      "mean": 2.3891500047618526,
      "sd": 0.6522320153266071,
      "cv": 0.27299751544550704,
      "p50": 2.134798999999475,
      "p95": 3.343918999999005,
      "p99": 4.046723000003112
    },
    "temporalKV.get": {
      "unit": "ms",
      "samples": 884,
      "min": 0.204901000000973,
      "max": 4.244620999998006,
      "mean": 0.3394275701357607,
      "sd": 0.15913288445851176,
      "cv": 0.46882722106181135,
      "p50": 0.3249820000019099,
      "p95": 0.4324589999996533,
      "p99": 0.6195589999988442
    },
    "temporalKV.getAt.version": {
      "unit": "ms",
      "samples": 729,
      "min": 0.26023200000054203,
      "max": 0.8917739999997139,
      "mean": 0.41157681755833253,
      "sd": 0.06717872676651625,
      "cv": 0.1632228150386411,
      "p50": 0.4056709999968007,
      "p95": 0.5177399999993213,
      "p99": 0.6874750000024505
    },
    "temporalKV.getAt.at": {
      "unit": "ms",
      "samples": 902,
      "min": 0.17946499999743537,
      "max": 0.8148710000023129,
      "mean": 0.3328766053214641,
      "sd": 0.06926720783250531,
      "cv": 0.20808674062754542,
      "p50": 0.33311500000127126,
      "p95": 0.436851000002207,
      "p99": 0.5078429999994114
    },
    "watermarks.set.highFrequency": {
      "unit": "ms",
      "samples": 223,
      "min": 1.559556000000157,
      "max": 5.111727999999857,
      "mean": 2.247624475336361,
      "sd": 0.6080342412165023,
      "cv": 0.2705230557366612,
      "p50": 1.965329999999085,
      "p95": 3.223771000000852,
      "p99": 4.451582999998209
    },
    "transactionHistory.pendingToFinalized": {
      "unit": "ms",
      "samples": 69,
      "min": 5.715393999998923,
      "max": 12.984119000000646,
      "mean": 7.296673623188353,
      "sd": 1.096815135212789,
      "cv": 0.15031714337985216,
      "p50": 7.242164999999659,
      "p95": 8.88546900000074,
      "p99": 12.984119000000646
    },
    "lease.acquireRelease.contenders1": {
      "unit": "ms",
      "samples": 30,
      "min": 0.43088300000090385,
      "max": 0.8306129999982659,
      "mean": 0.5696629333334082,
      "sd": 0.09187598131141934,
      "cv": 0.16128130502331073,
      "p50": 0.5447330000024522,
      "p95": 0.751936000000569,
      "p99": 0.8306129999982659
    },
    "lease.acquireRelease.contenders2": {
      "unit": "ms",
      "samples": 60,
      "min": 0.5032769999961602,
      "max": 1.8640759999980219,
      "mean": 0.9038110166672898,
      "sd": 0.3378874635193399,
      "cv": 0.37384747174831434,
      "p50": 0.8298639999993611,
      "p95": 1.4590539999990142,
      "p99": 1.8640759999980219
    },
    "lease.acquireRelease.contenders4": {
      "unit": "ms",
      "samples": 120,
      "min": 0.5464710000014747,
      "max": 2.3364129999972647,
      "mean": 1.2136586583334066,
      "sd": 0.4310978036592464,
      "cv": 0.3552051482508508,
      "p50": 1.1877779999995255,
      "p95": 1.9289930000013555,
      "p99": 2.291111999998975
    },
    "lease.acquireRelease.contenders8": {
      "unit": "ms",
      "samples": 240,
      "min": 0.5985209999998915,
      "max": 4.211662000001525,
      "mean": 1.973294954166704,
      "sd": 0.8324072855306724,
      "cv": 0.42183622056753645,
      "p50": 1.9673929999989923,
      "p95": 3.305979999997362,
      "p99": 3.688676999998279
    },
    "lease.acquireRelease.contenders16": {
      "unit": "ms",
      "samples": 480,
      "min": 0.6248849999974482,
      "max": 14.05957699999999,
      "mean": 4.130773202083341,
      "sd": 2.2196992061041416,
      "cv": 0.5373568330947447,
      "p50": 3.9358900000006543,
      "p95": 7.445952000001853,
      "p99": 12.338566999998875
    }
  },
  "measurements": {
    "checkpointDedupRatio": {
      "referenced": 64,
      "written": 1,
      "ratio": 0.984375,